{
   "abstract" : "generate access control lists for Cisco IOS",
   "author" : [
      "James FitzGibbon, E<lt>jfitz@CPAN.orgE<gt>."
   ],
   "dynamic_config" : 0,
   "generated_by" : "Module::Build version 0.421",
   "license" : [
      "perl_5"
   ],
   "meta-spec" : {
      "url" : "http://search.cpan.org/perldoc?CPAN::Meta::Spec",
      "version" : "2"
   },
   "name" : "Cisco-ACL",
   "prereqs" : {
      "build" : {
         "requires" : {
            "Test::Exception" : "0",
            "Test::More" : "0"
         }
      },
      "runtime" : {
         "recommends" : {
            "CGI" : "0"
         },
         "requires" : {
            "Class::MethodMaker" : "0",
            "Params::Validate" : "0.65"
         }
      }
   },
   "provides" : {
      "Cisco::ACL" : {
         "file" : "lib/Cisco/ACL.pm",
         "version" : "0.12"
      }
   },
   "release_status" : "stable",
   "version" : "0.12"
}
